[{
	"title": "Quiz",
	"activityType": "quiz",
	"questions": [{
			"questionType": "checkbox",
			"questionText": [{
				"text": "Which of the following are true? (Check all that apply.)"
			}],
			"max_marks": "1",
			"options": [{
					"option": "a<sup>[2](12)</sup> denotes the activation vector of the 2 nd layer for the 12 th training example.",
					"correct": "True"
				},

				{
					"option": "X is a matrix in which each column is one training example.",
					"correct": "True"
				},

				{
					"option": "a<sup>[2](12)</sup> denotes activation vector of the 12 th layer on the 2 nd training example",
					"correct": "True"
				},

				{
					"option": "a<sup>[2]</sup><sub>4</sub> is the activation output of the 2 nd layer for the 4 th training example",
					"correct": "True"
				},
				{
					"option": "a<sup>[2]</sup>denotes the activation vector of the 2 nd layer.",
					"correct": "True"
				},
				{
					"option": "a<sup>[2]</sup><sub>4</sub> is the activation output by the 4 th neuron of the 2 nd layer",
					"correct": "True"
				},
				{
					"option": "X is a matrix in which each row is one training example.",
					"correct": "True"
				}


			],
			"correct_feedback": "Correct",
			"wrong_feedback": "Incorrect."
		},

		{
			"questionType": "mcq",
			"questionText": [{
					"text": "The tanh activation usually works better than sigmoid activation function for hidden units because the mean of its output is closer to zero, and so it centers the data better for the next layer. True/False?"
				}
			],
			"max_marks": "1",
			"options": [{
					"option": "True",
					"correct": "True"
				},

				{
					"option": "False",
					"correct": "False"
				}


			],
			"correct_feedback": "Correct, Yes. As seen in lecture the output of the tanh is between -1 and 1, it thus centers the data which makes the learning simpler for the next layer.",
			"wrong_feedback": "Incorrect"
		},



		{
			"questionType": "mcq",
			"questionText": [{
				"text": "Which of these is a correct vectorized implementation of forward propagation for layer l , where 1 ≤ l ≤ L ?"
			}],
			"max_marks": "1",
			"options": [{
					"option": "z<sup>[l]</sup>=Wsup>[l-1]</sup>A<sup>[l]</sup>+b<sup>[l-1]<br>A<sup>[l+1]</sup>=g<sup>[l]</sup>(Z<sup>[l]</sup>)",
					"correct": "False"
				},

				{
					"option": "z<sup>[l]</sup>=Wsup>[l]</sup>A<sup>[l]</sup>+b<sup>[l]<br>A<sup>[l]</sup>=g<sup>[l]</sup>(Z<sup>[l]</sup>)",
					"correct": "False"
				},
				{
					"option": "z<sup>[l]</sup>=Wsup>[l]</sup>A<sup>[l]</sup>+b<sup>[l]<br>A<sup>[l+1]</sup>=g<sup>[l+1]</sup>(Z<sup>[l]</sup>)",
					"correct": "False"
				},
				{
					"option": "z<sup>[l]</sup>=Wsup>[l]</sup>A<sup>[l-1]</sup>+b<sup>[l]<br>A<sup>[l]</sup>=g<sup>[l]</sup>(Z<sup>[l]</sup>)",
					"correct": "True"
				}

			],
			"correct_feedback": "correct",
			"wrong_feedback": "Incorrect"
		},



		{
			"questionType": "mcq",
			"questionText": [{
					"text": "You are building a binary classi er for recognizing cucumbers (y=1) vs. watermelons (y=0). Which one of these activation functions would you recommend using for the output layer?"
				}
			],
			"max_marks": "1",
			"options": [{
					"option": "ReLU",
					"correct": "False"
				},

				{
					"option": "Leaky ReLU",
					"correct": "False"
				},
				{
					"option": "sigmoid",
					"correct": "True"
				},
				{
					"option": "tanh",
					"correct": "False"
				}

			],
			"correct_feedback": "Correct. Yes. Sigmoid outputs a value between 0 and 1 which makes it a very good choice for binary classi cation. You can classify as 0 if the output is less than 0.5 and classify as 1 if the output is more than 0.5. It can be done with tanh as well but it is less convenient as the output is between -1 and 1.",
			"wrong_feedback": "Incorrect"
		},



		{
			"questionType": "mcq",
			"questionText": [{
					"text": "Consider the following code:"
				},
				{
					"image": {
						"imageSRC": "image-1.png",
						"imageName": ""
					}
				},
				{
					"text": "What will be B.shape? (If you’re not sure, feel free to run this in python to nd out)."
				}
			],
			"max_marks": "1",
			"options": [{
					"option": "(, 3)",
					"correct": "False"
				},

				{
					"option": "(4, )",
					"correct": "False"
				},
				{
					"option": "(1, 3)",
					"correct": "False"
				},
				{
					"option": "(4, 1)",
					"correct": "True"
				}

			],
			"correct_feedback": "Correct. Yes, we use (keepdims = True) to make sure that A.shape is (4,1) and not (4, ). It makes our code more rigorous.",
			"wrong_feedback": "Incorrect"
		},
		{
			"questionType": "mcq",
			"questionText": [{
				"text": "Suppose you have built a neural network. You decide to initialize the weights and biases to be zero. Which of the following statements are True? (Check all that apply)"
			}],
			"max_marks": "1",
			"options": [{
					"option": "Each neuron in the rst hidden layer will perform the same computation. So even after multiple iterations of gradient descent each neuron in the layer will be computing the same thing as other neurons.",
					"correct": "True"
				},

				{
					"option": "Each neuron in the rst hidden layer will perform the same computation in the rst iteration. But after one iteration of gradient descent they will learn to compute di erent things because we have \"broken symmetry\".",
					"correct": "False"
				},
				{
					"option": "Each neuron in the rst hidden layer will compute the same thing, but neurons in different layers will compute different things, thus we have accomplished “symmetry breaking” as described in lecture.",
					"correct": "False"
				},
				{
					"option": "The rst hidden layer’s neurons will perform di erent computations from each other even in the rst iteration; their parameters will thus keep evolving in their own way.",
					"correct": "False"
				}

			],
			"correct_feedback": "Correct ",
			"wrong_feedback": "Incorrect"
		}, {
			"questionType": "mcq",
			"questionText": [{
					"text": "Logistic regression’s weights w should be initialized randomly rather than to all zeros, because if you initialize to all zeros, then logistic regression will fail to learn a useful decision boundary because it will fail to \"break symmetry\", True/False?"
				}
			],
			"max_marks": "1",
			"options": [{
					"option": "True",
					"correct": "False"
				},

				{
					"option": "False",
					"correct": "True"
				}

			],
			"correct_feedback": "Correct. Yes, Logistic Regression doesn't have a hidden layer. If you initialize the weights to zeros, the rst example x fed in the logistic regression will output zero but the derivatives of the Logistic Regression depend on the input x (because there's no hidden layer) which is not zero. So at the second iteration, the weights values follow x's distribution and are di erent from each other if x is not a constant vector.",
			"wrong_feedback": "Incorrect"
		},
		{
			"questionType": "mcq",
			"questionText": [{
					"text": "You have built a network using the tanh activation for all the hidden units. You initialize the weights to relative large values, using np.random.randn(..,..)*1000. What will happen?"
				}
			],
			"max_marks": "1",
			"options": [{
					"option": "It doesn’t matter. So long as you initialize the weights randomly gradient descent is not a ected by whether the weights are large or small.",
					"correct": "False"
				},

				{
					"option": "This will cause the inputs of the tanh to also be very large, thus causing gradients to also become large. You therefore have to set α to be very small to prevent divergence; this will slow down learning.",
					"correct": "False"
				},
				{
					"option": "This will cause the inputs of the tanh to also be very large, thus causing radients to be close to zero. The optimization algorithm will thus become slow.",
					"correct": "True"
				},
				{
					"option": "This will cause the inputs of the tanh to also be very large, causing the units to be \"highly activated\" and thus speed up learning compared to if the weights had to start from small values.",
					"correct": "False"
				}

			],
			"correct_feedback": "Correct. Yes. tanh becomes at for large values, this leads its gradient to be close to zero. This slows down the optimization algorithm.",
			"wrong_feedback": "Incorrect"
		},
		{
			"questionType": "checkbox",
			"questionText": [{
					"text": "Consider the following 1 hidden layer neural network:"
				},
				{
					"image": {
						"imageSRC": "image-2.png",
						"imageName": ""
					}
				},
				{
					"text": "Which of the following statements are True? (Check all that apply)."
				}
			],
			"max_marks": "1",
			"options": [{
					"option": "W<sup>[1]</sup>will have shape (2, 4)",
					"correct": "True"
				},

				{
					"option": "b<sup>[1]</sup>will have shape (4, 1)",
					"correct": "False"
				},
				{
					"option": "W<sup>[1]</sup>will have shape (4, 2)",
					"correct": "True"
				},
				{
					"option": "b<sup>[1]</sup>will have shape (2, 1)",
					"correct": "True"
				},
				{
					"option": "W<sup>[2]</sup>will have shape (1, 4)",
					"correct": "False"
				},
				{
					"option": "b<sup>[2]</sup>will have shape (4, 1)",
					"correct": "True"
				},
				{
					"option": "W<sup>[2]</sup>will have shape (4, 1)",
					"correct": "True"
				},
				{
					"option": "b<sup>[2]</sup>will have shape (1, 1)",
					"correct": "False"
				}

			],
			"correct_feedback": "Correct.",
			"wrong_feedback": "Incorrect"
		},
		{
			"questionType": "mcq",
			"questionText": [{
					"text": "In the same network as the previous question, what are the dimensions of Z <sup>[1]</sup> and A <sup>[1]</sup>?"
				}
			],
			"max_marks": "1",
			"options": [{
					"option": "Z<sup>[1]</sup> and A<sup>[1]</sup> are (1,4)",
					"correct": "False"
				},

				{
					"option": "Z<sup>[1]</sup> and A<sup>[1]</sup> are (4,1)",
					"correct": "False"
				},
				{
					"option": "Z<sup>[1]</sup> and A<sup>[1]</sup> are (4,2)",
					"correct": "False"
				},
				{
					"option": "Z<sup>[1]</sup> and A<sup>[1]</sup> are (4,m)",
					"correct": "False"
				}

			],
			"correct_feedback": "Correct.",
			"wrong_feedback": "Incorrect"
		}
	]
}]